{"cameraMode":{"drawMode":0,"name":"Shaded","section":"Shading Mode"},"sceneLighting":false,"audioPlay":false,"sceneViewState":{"showFog":true,"showMaterialUpdate":false,"showSkybox":true,"showFlares":true,"showImageEffects":true,"showParticleSystems":true},"in2DMode":false,"pivot":{"x":226.5095977783203,"y":29.22224235534668,"z":343.557373046875},"rotation":{"x":-0.016634393483400346,"y":-0.9830725193023682,"z":0.1158549040555954,"w":-0.14106392860412599},"size":13.547567367553711,"orthographic":false}