{"cameraMode":{"drawMode":0,"name":"Shaded","section":"Shading Mode"},"sceneLighting":false,"audioPlay":false,"sceneViewState":{"showFog":true,"showMaterialUpdate":false,"showSkybox":true,"showFlares":true,"showImageEffects":true,"showParticleSystems":true},"in2DMode":false,"pivot":{"x":206.1374053955078,"y":7.076322555541992,"z":290.0224609375},"rotation":{"x":-0.08693936467170716,"y":-0.7164894938468933,"z":0.6862030625343323,"w":-0.09077125787734986},"size":325.4529113769531,"orthographic":false}