{"cameraMode":{"drawMode":0,"name":"Shaded","section":"Shading Mode"},"sceneLighting":true,"audioPlay":false,"sceneViewState":{"showFog":true,"showMaterialUpdate":false,"showSkybox":true,"showFlares":true,"showImageEffects":true,"showParticleSystems":true},"in2DMode":false,"pivot":{"x":232.7299041748047,"y":25.249269485473634,"z":334.2959289550781},"rotation":{"x":0.021337727084755899,"y":0.9784450531005859,"z":-0.15539410710334779,"w":0.1344037801027298},"size":3.646313190460205,"orthographic":false}