{"cameraMode":{"drawMode":0,"name":"Shaded","section":"Shading Mode"},"sceneLighting":true,"audioPlay":false,"sceneViewState":{"showFog":true,"showMaterialUpdate":false,"showSkybox":true,"showFlares":true,"showImageEffects":true,"showParticleSystems":true},"in2DMode":false,"pivot":{"x":380.1665344238281,"y":23.449840545654298,"z":617.64892578125},"rotation":{"x":-0.0014990185154601932,"y":-0.0012127283262088895,"z":-0.00001278449417441152,"w":1.0000089406967164},"size":1430.44775390625,"orthographic":false}